Class,Feature,Hope,Stress
Assassin,"Marked for Death: On a successful weapon attack, you can mark a Stress to make the target Marked for Death. When you deal damage to a target you’ve Marked for Death, add a number of d4s equal to your tier to the damage roll. You can have only one adversary Marked for Death at a time. This condition lasts until you take a rest, the current adversary Marked for Death is defeated, or the GM spends a number of Fear equal to your tier to clear it.",-3,
Bard,"MAKE A SCENE: Spend 3 Hope to temporarily Distract a target within Close range, giving them a -2 penalty to their Difficulty.",-3,
Brawler,"Square Up: Spend 3 Hope to intimidate a target within Close range, making them temporarily Vulnerable.",-3,
Druid,"EVOLUTION: Spend 3 Hope to transform into a Beastform without marking a Stress. When you do, choose one trait to raise by +1 until you drop out of that Beastform.",-3,
Guardian,FRONTLINE TANK: Spend 3 Hope to clear 2 Armor Slots.,-3,
Ranger,HOLD THEM OFF: Spend 3 Hope when you succeed on an attack with a weapon to use that same roll against two additional adversaries wtihin range of the attack.,-3,
Rogue,ROGUE'S DODGE: Spend 3 Hope to gain a +2 bonus to your Evasion until the next time an attack succeeds against you. This bonus lasts until your next rest.,-3,
Seraph,LIFE SUPPORT: Spend 3 Hope to clear a Hit Point on an ally within Close Range.,-3,
Sorcerer,VOLATILE MAGIC: Spend 3 Hope to reroll any number of your damage dice on an attack that deals magic damage.,-3,
Warlock,"Patron's Boon: When you fail a roll, you can spend 3 Hope to reroll with advantage.",-3,
Warrior,NO MERCY: Spend 3 Hope to gain a +1 bonus to your attack rolls until your next rest.,-3,
Witch,"Witch's Charm: When you or an ally within Far range fails an action roll, you can spend 3 Hope to change it into a success with Fear instead.",-3,
Wizard,NOT THIS TIME: Spend 3 Hope to force an adversary within Far range to reroll an attack or damage roll.,-3,
Assassin,Get In & Get Out: Spend a Hope to ask the GM for a quick or inconspicuous way into or out of a place you can see. The next roll you make that acts on this information has Advantage.,-1,
Bard,"RALLY: Once per session, describe how you rally the party and give yourself and each of your allies a Rally Die. At level 1, your Rally Die is a d6. A PC can spend their Rally Die to roll it, adding the result to their action roll, reaction roll, damage roll, or to clear a number of Stress equal to the result. At the end of each session, clear all unspent Rally Dice.

At level 5, your Rally Die increases to a d8.",,
Brawler,"I Am the Weapon: Your barehanded attacks are as strong as any blade. You have a primary weapon called Brawler’s Strike equipped while you have no other Active Weapons. It uses a trait of your choice, has Melee range, and deals d8+d6 physical damage using your Proficiency (both the d8 and d6 scale off your Proficiency). While this weapon is active, you gain a +1 bonus to your Evasion.",,
Brawler,"Combo Strike: After rolling damage on a successful attack with a Melee weapon, you can mark a Stress to start a combo strike. When you do, roll your Combo Die and note the result, then continue rolling your Combo Die until the result of your latest roll is lower than the roll that preceded it. You deal extra damage equal to the total of all rolled Combo Die results on this attack. The results can’t be modified by any means.
Your Combo Die starts as a d4. Once per tier, you can increase your Combo Die by one step as a level advancement option.",,-1
Druid,"BEASTFORM: Mark a Stress to magically transform into a creature of your tier or lower from the Beastform list. You can drop out of this form at any time. While transformed, you can't use weapons or cast spells from domain cards, but you can still use other features abilities you have access to. Spells you cast before you transform stay active and last for their normal duration, and you can talk and communicate as normal. Additionally, you gain the Beastform's features, add their Evasion bonus to your Evasion, and use the trait specified in thier statistics for your attack. While you're in Beastform, your armor becomes part of your body and you mark Armor Slots as usual; when you drop out of a Beastform, those marked Armor Slots remain marked. If you mark your last Hit Point, you automatically drop out of this form.",,-1
Druid,"WILDTOUCH: You can perform harmless, subtle effects that involve nature - such as causing a flower to rapidly grow, summoning a slight gust of wind, or starting a campfire - at will.",,
Guardian,"UNSTOPPABLE: Once per long rest, you can become Unstoppable. You gain an Unstoppable Die. At level 1, your Unstoppable Die is a d4. Place it on your character sheet in the space provided, starting with the 1 value facing up. After you make a damage roll that deals 1 or more Hit Points to a target, increase the Unstoppable Die value by one. When the die's value would exceed its maximum value or when the scene ends, remove the die and drop out of Unstoppable. At level 5, your Unstoppable Die increases to a d6.
While Unstoppable, you gain the following benefits:
◦ You reduce the severity of physical damage by one threshold (Severe to Major, Major to Minor, Minor to None).
◦ You add the current value of the Unstoppable Die to your damage roll.
◦ You can't be Restrained or Vulnerable.",,
Ranger,"RANGER'S FOCUS: Spend a Hope and make an attack against a target. One a success, deal your attack's normal damage and temporarily make the attack's target your Focus. Until this feature ends or you make a different creature your Focus, you gaint he following benefits against your Focus:
◦ You know precisely what direction they are in.
◦ When you deal damage to them, they must mark a Stress.
◦ When you fail an attack against them, you can end your Ranger's Focus feature to reroll your Duality Dice.",-1,
Rogue,"CLOAKED: Any time you would be Hidden, you are instead Cloaked. In addition to the benefits of the Hidden condition, while Cloaked you remain unseen if you are stationary when an adversary moves to where they would normally see you. When you move into or within an adversary's line of sight or make an attack, you are no longer Cloaked,",,
Rogue,"SNEAK ATTACK: When you succeed on an attack while Cloaked or while an ally is within Melee range of your target, add a number of d6s equal to your tier to your damage roll. Level 1 --> Tier 1, Level 2-4 --> Tier 2, Levels 5-7 --> Tier 3, Levels 8-10 --> Tier 4.",,
Seraph,"PRAYER DICE: At the beginning of each session, roll a number of d4s equal to your subclass's Spellcast trait and place them on your character sheet in the space provided. These are your Prayer Dice. You can spend any number of Prayer Dice to aid yourself or an ally within Far range. You can use a spent die's value to reduce incoming damage, add to a roll's result after the roll is made, or gain Hope equal to the result. At the end of each session, clear all unspent Prayer Dice.",,
Sorcerer,ARCANE SENSE: You can sense the presence of magical people and objects within Close range.,,
Sorcerer,"MINOR ILLUSION: Make a Spellcast Roll (10). On a success, you create a minor visual illusion no larger than yourself within Close range. This illusion is convincing to anyone at Close range or farther.",,
Sorcerer,"CHANNEL RAW POWER: Once per long rest, you can place a domain card from your loadout into your vault and choose to either:
◦ Gain Hope equal to the level of the card.
◦ Enhance a spell that deals damage, gaining a bonus to your damage roll equal to twice the level of the card.",,
Warlock,"Patron's Pact: You have committed yourself to a supernatural entity—such as a god, fae, or demon—in exchange for power. Write their name on your character sheet, then work with your GM to determine their sphere of influence (such as Nature, Chaos, Wisdom, Mischief, Love, War, Justice, or Death). Before making an action roll that relates to your patron’s sphere of influence, you can spend
a Favor to call upon their aid, rolling your Patron Die and adding its result to the total. Your Patron Die starts at a d6 and increases to a d8 at level 5.",,
Warlock,"Favor: You start with 3 Favor. You can use a downtime move to show tribute to your patron. Describe how and gain Favor equal to your Spellcast trait. Additionally, when you succeed on an action roll with Hope, you can choose to gain a Favor instead of a Hope.
Note: The maximum Favor you can hold at one time is 6.",,
Warrior,"COMBAT TRAINING: You ignore burden when equipping weapons. When you deal physical damage, you gain a bonus to your damage roll equal to your level.",,
Warrior,"ATTACK OF OPPORTUNITY: If an adversary within Melee range attempts to leave that range, make a reaction roll using a trait of your choice against their Difficulty. Choose one effect on a success, or two if you critically succeed:
◦ They can't move from where they are.
◦ You deal damage to them equal to your primary weapon's damage.
◦ You move with them.",,
Witch,"Hex: Mark a Stress to temporarily Hex a target within Far range. While Hexed, the target gains a penalty to their damage rolls and Difficulty equal to your tier. The maximum number of creatures you can Hex at one time is equal to your Spellcast trait.",,-1
Witch,"Commune: Once per long rest during a moment of calm, you can commune with an ancestor, a deity, a spirit, or an otherworldly being. Ask them a question, then roll a number of d6s equal to your Spellcast trait. Choose one of the results and reference the chart below for the effect.
1–3 : You taste a flavor, smell a scent, or feel a sensation relevant to the answer.
4–5 : You hear sounds or see a vision relevant to the answer.
6 : You psychically experience a scene relevant to the answer as if you were there.",,
Wizard,"PRESTIDIGITATION: You can perform harmless, subtle magical effects at will. For example, you can change an object's color, create a smell, light a candle, cause a tiny object to float, illuminate a room, or repair a small object.",,
Wizard,"STRANGE PATTERNS: Choose a number between 1 and 12. When you roll that number on a Duality Die, gain a Hope or clear a Stress. You can change this number when you take a long rest.",,
